Team,Game No.,Offensive Rating
1954-55,1,598.6842105263156
1954-55,2,620.4819277108434
1954-55,3,695.5445544554455
1954-55,4,651.4598540145985
1954-55,5,663.1097560975609
1954-55,6,655.3030303030301
1954-55,7,676.4069264069262
1954-55,8,672.5746268656716
1954-55,9,400.7976071784646
1954-55,10,320.2005730659025
1954-55,11,246.44670050761417
1954-55,12,255.1319648093841
1955-56,1,655.4054054054053
1955-56,2,767.2413793103448
1955-56,3,662.4999999999999
1955-56,4,589.2857142857142
1955-56,5,593.9153439153438
1955-56,6,593.2017543859648
1955-56,7,369.5652173913043
1955-56,8,274.3506493506493
1955-56,9,226.02321319486865
1955-56,10,235.61882626380006
1955-56,11,212.3188405797101
1955-56,12,223.64672364672361
1955-56,13,241.49816176470586
1955-56,14,218.91996891996888
1955-56,15,202.73003033367036
1955-56,16,190.87074420006024
1955-56,17,179.86666666666665
1955-56,18,166.58862093186605
1955-56,19,160.94420600858368
1955-56,20,167.40787801778905
1955-56,21,174.5204336947456
1955-56,22,182.36266005782733
1955-56,23,174.8472116119175
1955-56,24,181.50037792894935
1955-56,25,176.2904636920385
1955-56,26,168.13875060221613
1956-57,1,94.16445623342176
1956-57,2,96.39303482587066
1956-57,3,148.85057471264366
1956-57,4,185.8974358974359
1956-57,5,215.0
1956-57,6,243.84469696969697
1956-57,7,197.1830985915493
1956-57,8,174.98672331386084
1956-57,9,156.43522438611345
1956-57,10,170.2868852459016
1956-57,11,161.0076670317634
1956-57,12,152.4564183835182
1956-57,13,142.5181462869905
1956-57,14,137.83102143757878
1956-57,15,144.85165794066316
1956-57,16,153.54427274957072
1956-57,17,159.7875935312575
1956-57,18,151.14768297964483
1956-57,19,147.36525746343415
1956-57,20,153.51137487636
1956-57,21,149.25643815741745
1956-57,22,155.08261494252872
1956-57,23,149.91666666666663
1956-57,24,144.9498843484965
1957-58,1,91.58415841584159
1957-58,2,100.0
1957-58,3,97.26027397260275
1957-58,4,113.69509043927648
1957-58,5,108.141702921069
1957-58,6,101.75695461200587
1957-58,7,101.61221892235895
1957-58,8,99.3943712148201
1957-58,9,98.4872360542074
1957-58,10,95.60283687943264
1957-58,11,95.4684317718941
1957-58,12,103.31825037707392
1957-58,13,103.12783318223029
1957-58,14,104.03397027600852
1957-58,15,103.00811399168812
1957-58,16,109.58095612827073
1957-58,17,109.60523922139349
1957-58,18,110.07106950944706
1957-58,19,115.02830674215132
1957-58,20,120.27141645462255
1957-58,21,119.24249719146205
1957-58,22,123.50977587029088
1957-58,23,123.28034240293488
1957-58,24,121.74422007609012
1957-58,25,119.8032150776053
1958-59,1,71.61458333333334
1958-59,2,80.73270013568522
1958-59,3,79.40663176265271
1958-59,4,84.11843876177659
1958-59,5,83.5978835978836
1958-59,6,83.26086956521739
1958-59,7,82.89374529012812
1958-59,8,82.30999004314637
1958-59,9,82.83403235470342
1958-59,10,82.83622559652929
1958-59,11,81.78816357632716
1958-59,12,81.2370182321717
1958-59,13,85.48276649166857
1958-59,14,85.55252673516462
1958-59,15,87.35587258159077
1958-59,16,87.89912917271407
1958-59,17,89.23103096291256
1958-59,18,89.74562798092208
1958-59,19,89.89520958083831
1958-59,20,89.64002267573694
1958-59,21,90.4704463208685
1958-59,22,90.11922881785894
1958-59,23,90.15197568389056
1958-59,24,91.1373190098085
1958-59,25,90.64652299489002
1959-60,1,81.66666666666666
1959-60,2,89.17682926829266
1959-60,3,88.73239436619717
1959-60,4,93.16120027913468
1959-60,5,98.0
1959-60,6,97.64309764309765
1959-60,7,108.4081247047709
1959-60,8,105.2843888664784
1959-60,9,103.95519775988798
1959-60,10,110.25111799105605
1959-60,11,109.5434369055168
1959-60,12,108.23081429408316
1959-60,13,106.4549713690786
1959-60,14,104.53251067869007
1959-60,15,105.57679334382728
1959-60,16,103.74398661367914
1959-60,17,101.7458777885548
1959-60,18,101.02187163858014
1959-60,19,99.78162271123804
1959-60,20,99.42820838627702
1959-60,21,104.5397423814012
1959-60,22,102.95213955568809
1959-60,23,102.99915516755844
1959-60,24,103.29966329966331
1959-60,25,103.09877340219498
1959-60,26,107.93630409657122
1959-60,27,107.42525327403014
1959-60,28,106.65559378336695
1960-61,1,114.9425287356322
1960-61,2,104.48807854137448
1960-61,3,102.18631178707224
1960-61,4,108.93098782138027
1960-61,5,106.14973262032086
1960-61,6,102.18652387327087
1960-61,7,103.12619138391155
1960-61,8,104.01459854014597
1960-61,9,104.36182669789227
1960-61,10,104.56121632435315
1960-61,11,106.65676812670131
1960-61,12,105.38667858739383
1960-61,13,104.6935059680356
1960-61,14,104.38314755337237
1960-61,15,103.17183687696061
1960-61,16,103.74477659916425
1960-61,17,104.19198055893074
1960-61,18,103.42584562012141
1960-61,19,104.76255645271657
1960-61,20,105.26315789473684
1960-61,21,105.20094562647753
1960-61,22,105.16912815626489
1960-61,23,104.18315432447712
1960-61,24,104.8144971048681
1960-61,25,105.23849198083732
1960-61,26,105.3840775147338
1960-61,27,104.95710200190658
1960-61,28,104.4660016472957
1961-62,1,95.46539379474942
1961-62,2,110.42600896860988
1961-62,3,107.5227963525836
1961-62,4,104.20168067226892
1961-62,5,103.08329498389324
1961-62,6,100.7123070834982
1961-62,7,98.42387659289066
1961-62,8,97.18518518518516
1961-62,9,98.54408196279319
1961-62,10,99.32659932659931
1961-62,11,99.06082289803219
1961-62,12,100.24301336573511
1961-62,13,99.05921416712783
1961-62,14,99.51790633608815
1961-62,15,100.11257639112254
1961-62,16,100.99160945842867
1961-62,17,100.1161608828227
1961-62,18,101.64835164835165
1961-62,19,106.45998361103521
1961-62,20,106.10182666148462
1961-62,21,106.45240733899763
1961-62,22,111.49102454512148
1961-62,23,111.52677110123916
1961-62,24,111.25477850236112
1961-62,25,109.77306786555339
1962-63,1,102.98102981029808
1962-63,2,120.9335219236209
1962-63,3,122.21189591078065
1962-63,4,117.27574750830566
1962-63,5,115.34473820632452
1962-63,6,112.47841105354057
1962-63,7,109.34025203854706
1962-63,8,106.32462084543401
1962-63,9,107.35930735930737
1962-63,10,110.01283697047496
1962-63,11,108.37950138504155
1962-63,12,109.23737916219119
1962-63,13,110.33239887865437
1962-63,14,109.38079347423064
1962-63,15,110.70142342651346
1962-63,16,111.55152887882221
1962-63,17,110.68876387410673
1962-63,18,111.11906124785345
1962-63,19,110.40208590640867
1962-63,20,111.44856727848935
1962-63,21,111.5262824572514
1962-63,22,111.25242248062013
1962-63,23,111.47446930579459
1962-63,24,110.6512742321934
1962-63,25,110.3340292275574
1962-63,26,109.5161614133708
1962-63,27,109.4929359396168
1962-63,28,109.20991117344553
1962-63,29,108.12628935330521
1962-63,30,108.1081081081081
1963-64,1,112.19512195121952
1963-64,2,182.6086956521739
1963-64,3,141.5830546265329
1963-64,4,123.65975696926374
1963-64,5,113.78378378378378
1963-64,6,114.11549037580203
1963-64,7,110.64638783269962
1963-64,8,108.52842809364549
1963-64,9,108.68920521945434
1963-64,10,109.52252495279203
1963-64,11,107.62812872467222
1963-64,12,107.40013097576949
1963-64,13,106.5017949740726
1963-64,14,105.87686567164178
1963-64,15,104.47119518486672
1963-64,16,105.5792634740003
1963-64,17,104.56443914081144
1963-64,18,105.29995804782546
1963-64,19,105.3260725195909
1963-64,20,103.82173534171541
1963-64,21,102.46288003770916
1963-64,22,101.10926234054351
1963-64,23,101.02019352124525
1963-64,24,100.75629415862275
1963-64,25,101.07816711590294
1963-64,26,100.85716947731294
1963-64,27,100.22321428571426
1963-64,28,99.93143640726773
1963-64,29,100.16467682173733
1963-64,30,99.8496716512382
1963-64,31,98.93738140417454
1964-65,1,122.50000000000003
1964-65,2,108.72235872235876
1964-65,3,109.93485342019544
1964-65,4,107.2031513787282
1964-65,5,105.44373284537969
1964-65,6,106.32292058712835
1964-65,7,106.80713128038899
1964-65,8,108.22510822510823
1964-65,9,110.64532520325203
1964-65,10,108.58938547486032
1964-65,11,107.24607762180017
1964-65,12,107.64019570944672
1964-65,13,105.7991025198481
1964-65,14,104.38247011952188
1964-65,15,105.97460791635547
1964-65,16,106.74557900741584
1964-65,17,108.30348852632972
1964-65,18,108.43070737529838
1964-65,19,107.72430184194887
1964-65,20,105.9800664451827
1964-65,21,106.33990410229086
1964-65,22,105.60278602888455
1964-65,23,103.8732394366197
1964-65,24,103.99140026173114
1964-65,25,103.43901128425577
1965-66,1,131.14754098360655
1965-66,2,118.18181818181819
1965-66,3,111.20401337792643
1965-66,4,112.91369240752758
1965-66,5,116.93121693121694
1965-66,6,117.34253666954271
1965-66,7,111.89443239334777
1965-66,8,112.48435544430538
1965-66,9,112.74238227146813
1965-66,10,112.07323107372589
1965-66,11,110.20726543347448
1965-66,12,109.92039191671769
1965-66,13,110.01890359168243
1965-66,14,110.912343470483
1965-66,15,111.95525129403907
1965-66,16,112.64822134387352
1965-66,17,112.82394995531726
1965-66,18,111.99381327334083
1965-66,19,111.838588989845
1965-66,20,111.9013441211014
1965-66,21,110.50030883261273
1965-66,22,108.68563529547286
1965-66,23,109.135363414092
1965-66,24,108.32197882821507
1965-66,25,107.69548174128327
1965-66,26,106.35467980295566
1965-66,27,105.15667639032654
1965-66,28,104.95442649580362
1965-66,29,104.84785072804952
1965-66,30,103.76806750772829
1966-67,1,89.19597989949749
1966-67,2,102.07823960880195
1966-67,3,91.39784946236558
1966-67,4,92.65944645006016
1966-67,5,96.38267491670632
1966-67,6,100.51958433253397
1966-67,7,98.71751603104961
1966-67,8,97.78761061946902
1966-67,9,98.55832241153341
1966-67,10,97.77347531461761
1966-67,11,97.4678017900022
1966-67,12,95.65820777160984
1966-67,13,98.10068227918127
1966-67,14,99.53822473063111
1966-67,15,98.18494758253796
1966-67,16,98.68813357185451
1966-67,17,100.21201413427563
1966-67,18,98.9084132055378
1966-67,19,99.859801172572
1966-67,20,101.0812780950067
1966-67,21,100.81065431383902
1966-67,22,102.04755614266843
1966-67,23,101.53377455615087
1966-67,24,102.09003215434085
1966-67,25,101.19448993353242
1966-67,26,100.24900857696211
1966-67,27,99.88390784068584
1967-68,1,76.28865979381443
1967-68,2,90.95860566448802
1967-68,3,93.84272997032642
1967-68,4,104.82921083627798
1967-68,5,106.05314960629921
1967-68,6,107.14285714285714
1967-68,7,107.46527777777777
1967-68,8,108.09160305343511
1967-68,9,104.97981157469718
1967-68,10,102.63280521901213
1967-68,11,101.66455962916142
1967-68,12,102.1862190122975
1967-68,13,101.88031097450734
1967-68,14,102.42383437131797
1967-68,15,102.95745690336867
1967-68,16,102.44988864142539
1967-68,17,103.12278211497517
1967-68,18,104.66209861614941
1967-68,19,104.41716238450832
1967-68,20,103.9491057496099
1967-68,21,103.78567268491557
1967-68,22,103.53792245959083
1967-68,23,102.60972716488732
1967-68,24,102.3978594216322
1967-68,25,101.61951414575627
1967-68,26,101.13861386138613
1967-68,27,101.45064947378401
1967-68,28,100.74728879978127
1968-69,1,82.23062381852552
1968-69,2,81.99052132701422
1968-69,3,89.31082981715895
1968-69,4,91.65751920965972
1968-69,5,91.53983885407342
1968-69,6,90.69946195234435
1968-69,7,87.0804306523116
1968-69,8,87.36813632675144
1968-69,9,86.41826923076924
1968-69,10,88.09993425378042
1968-69,11,86.74077014688369
1968-69,12,87.15012722646311
1968-69,13,88.90948929715154
1968-69,14,90.0462593715106
1968-69,15,90.12940114354498
1968-69,16,89.69411092052601
1968-69,17,88.50726552179657
1968-69,18,88.53774767995988
1968-69,19,88.17670494492617
1968-69,20,90.31864105695571
1968-69,21,90.61608369438868
1968-69,22,91.84293087744156
1968-69,23,91.75866744141004
1968-69,24,91.27168166218348
1968-69,25,92.02866099417824
1968-69,26,92.66907589055239
1968-69,27,92.96293197221989
1968-69,28,92.66284607312937
1969-70,1,86.38743455497384
1969-70,2,79.0488431876607
1969-70,3,85.66433566433568
1969-70,4,86.79479231246127
1969-70,5,83.79888268156425
1969-70,6,86.9915424889247
1969-70,7,88.78014680181757
1969-70,8,91.70702179176756
1969-70,9,93.27461969575661
1969-70,10,93.90862944162437
1969-70,11,92.71307742355238
1969-70,12,92.12349099544825
1969-70,13,90.5148551393246
1969-70,14,89.48004836759371
1969-70,15,89.92346938775512
1969-70,16,90.5688622754491
1969-70,17,90.89003772530391
1969-70,18,90.10670530891846
1969-70,19,89.18347025143143
1969-70,20,89.90367463432038
1969-70,21,90.35940325497289
1969-70,22,89.89251981326677
1969-70,23,89.72360764754782
1969-70,24,90.38480660236654
1969-70,25,90.79124255809491
1969-70,26,91.28900445765233
1970-71,1,81.95020746887965
1970-71,2,79.59401709401709
1970-71,3,84.13793103448276
1970-71,4,84.33734939759036
1970-71,5,86.76171079429736
1970-71,6,84.25460636515912
1970-71,7,88.51167020309185
1970-71,8,89.90926587847127
1970-71,9,91.20039438008381
1970-71,10,93.1350626118068
1970-71,11,95.09721048182587
1970-71,12,95.42586750788644
1970-71,13,94.62404649473302
1970-71,14,93.10174514323346
1970-71,15,94.55877767383848
1970-71,16,95.09472756645616
1970-71,17,94.56297315898142
1970-71,18,93.97574819401444
1970-71,19,94.28253889849346
1970-71,20,93.77578686785336
1970-71,21,94.314381270903
1970-71,22,94.55281952883486
1970-71,23,95.12867647058823
1970-71,24,94.56021915663828
1970-71,25,95.356941043511
1970-71,26,94.53457808393001
1970-71,27,95.11613529983218
1970-71,28,96.02478058853896
1970-71,29,95.9836339345357
1970-71,30,96.3821368004522
1971-72,1,66.83168316831683
1971-72,2,75.28735632183908
1971-72,3,78.19287576020851
1971-72,4,78.9308176100629
1971-72,5,78.1328007988018
1971-72,6,81.35089209855565
1971-72,7,80.82437275985663
1971-72,8,84.1615902532863
1971-72,9,86.17205542725173
1971-72,10,88.58780614903597
1971-72,11,87.4614837639251
1971-72,12,87.61100281568119
1971-72,13,87.86569801688591
1971-72,14,88.67579908675799
1971-72,15,89.22186276179126
1971-72,16,88.89246101912876
1971-72,17,89.05053598774887
1971-72,18,88.76580031245564
1971-72,19,89.82198668297325
1971-72,20,90.41870023118419
1971-72,21,90.49829018075232
1971-72,22,91.61839460929187
1971-72,23,90.27935498523733
1971-72,24,89.00239078461205
1971-72,25,89.46873039113156
1971-72,26,89.12646939602755
1972-73,1,82.9103214890017
1972-73,2,88.35978835978835
1972-73,3,92.51968503937007
1972-73,4,94.59459459459458
1972-73,5,92.7367055771725
1972-73,6,90.47280483469605
1972-73,7,89.6969696969697
1972-73,8,88.91547049441787
1972-73,9,88.90682656826567
1972-73,10,87.94754371357202
1972-73,11,88.60153256704982
1972-73,12,88.50795871960818
1972-73,13,88.74918354016981
1972-73,14,90.97298141496172
1972-73,15,90.70893879348304
1972-73,16,89.89537444933919
1972-73,17,89.4946637520895
1972-73,18,89.40677966101694
1972-73,19,89.72295666168525
1972-73,20,90.16930638995085
1972-73,21,90.28066528066529
1972-73,22,88.72889771598808
1972-73,23,88.03986710963456
1972-73,24,86.87522801897117
1972-73,25,86.54688869412796
1972-73,26,86.53764174268905
1973-74,1,80.86785009861933
1973-74,2,104.04280618311535
1973-74,3,96.11069558713538
1973-74,4,93.81898454746137
1973-74,5,92.84116331096197
1973-74,6,87.18795888399413
1973-74,7,87.29680915111379
1973-74,8,85.94797532850632
1973-74,9,85.76904647819838
1973-74,10,84.55392809587218
1973-74,11,84.28688189619943
1973-74,12,84.44863336475024
1973-74,13,83.04706286499484
1973-74,14,83.46709470304975
1973-74,15,84.39228584242787
1973-74,16,84.11993337034981
1973-74,17,83.24728962312855
1973-74,18,83.84824518042512
1973-74,19,83.42114506498069
1973-74,20,84.28969359331478
1973-74,21,83.8542218455345
1973-74,22,83.62543815723586
1973-74,23,83.18915801614764
1973-74,24,83.23308966410661
1973-74,25,83.60597754001239
1973-74,26,82.9026518681691
1974-75,1,93.1098696461825
1974-75,2,85.07604562737644
1974-75,3,89.42558746736293
1974-75,4,88.68022952529996
1974-75,5,90.96692111959288
1974-75,6,91.3307170888334
1974-75,7,95.20099719538796
1974-75,8,93.75859224635687
1974-75,9,92.78728606356967
1974-75,10,92.2445452581551
1974-75,11,93.29182566780477
1974-75,12,92.76699943492184
1974-75,13,95.88080631025416
1974-75,14,96.16634178037687
1974-75,15,94.96065375302662
1974-75,16,95.87888982338097
1974-75,17,96.18694558453593
1974-75,18,95.7393483709273
1974-75,19,96.36821287306724
1974-75,20,95.8981933871151
1974-75,21,95.47083740632128
1974-75,22,93.86578839028407
1974-75,23,92.8801640785233
1974-75,24,93.26833797585887
1974-75,25,92.51512993948025
1974-75,26,93.02425969092636
1975-76,1,87.8839590443686
1975-76,2,87.47609942638623
1975-76,3,87.59124087591242
1975-76,4,89.07185628742515
1975-76,5,89.94708994708995
1975-76,6,91.58661808545877
1975-76,7,91.43583945732054
1975-76,8,90.50988045864845
1975-76,9,89.67032967032968
1975-76,10,88.12561334641805
1975-76,11,88.90686803308162
1975-76,12,89.2710218857989
1975-76,13,89.11192214111921
1975-76,14,88.42239185750637
1975-76,15,88.75427969449565
1975-76,16,89.48863636363636
1975-76,17,89.55310504933256
1975-76,18,89.27984215718514
1975-76,19,89.61771464382703
1975-76,20,89.51748736748242
1975-76,21,89.76057537617109
1975-76,22,91.04271933853929
1975-76,23,91.0405891119488
1975-76,24,91.00161139852429
1975-76,25,90.8979990239141
1975-76,26,91.08863959551272
1975-76,27,91.06883642753456
1976-77,1,92.80742459396753
1976-77,2,91.82530795072789
1976-77,3,96.21329211746524
1976-77,4,95.18348623853213
1976-77,5,96.94835680751174
1976-77,6,94.57855164226356
1976-77,7,96.23579545454547
1976-77,8,96.18320610687024
1976-77,9,96.0353603000268
1976-77,10,97.73269689737472
1976-77,11,98.085609808561
1976-77,12,98.18580542264755
1976-77,13,95.64032697547687
1976-77,14,95.71597233934898
1976-77,15,94.09565352858704
1976-77,16,94.19865221213011
1976-77,17,93.4301521438451
1976-77,18,93.36561109657158
1976-77,19,93.08214947498458
1976-77,20,92.62971698113209
1976-77,21,92.45027124773962
1976-77,22,91.95649833100033
1976-77,23,90.81643053715219
1976-77,24,90.5008298350093
1976-77,25,89.68840647515674
1976-77,26,89.38848920863312
1976-77,27,89.00207182320443
1977-78,1,116.13691931540345
1977-78,2,107.21757322175733
1977-78,3,101.34629768137621
1977-78,4,100.16330974414807
1977-78,5,97.57653061224491
1977-78,6,95.23809523809523
1977-78,7,96.35102533172495
1977-78,8,95.19359145527369
1977-78,9,94.3418844401822
1977-78,10,94.23575129533678
1977-78,11,94.56799842550679
1977-78,12,91.72563962983125
1977-78,13,92.79893563944785
1977-78,14,94.38184905077944
1977-78,15,95.02818326347737
1977-78,16,94.34982427683155
1977-78,17,94.64103869653768
1977-78,18,94.76369821406875
1977-78,19,95.34990264574505
1977-78,20,93.31385913664394
1977-78,21,94.07216494845359
1977-78,22,94.85641227380015
1977-78,23,95.26750926541861
1977-78,24,95.36435951357775
1977-78,25,95.26325057228385
1977-78,26,95.26837954718901
1977-78,27,95.31211650167717
1977-78,28,95.14601420678768
1977-78,29,95.15096065873743
1977-78,30,94.61657916142869
1977-78,31,94.58879106721065
1977-78,32,94.95518032103398
1977-78,33,95.24291497975709
1977-78,34,95.33010217448258
1978-79,1,103.17460317460319
1978-79,2,94.90740740740739
1978-79,3,91.08989657915672
1978-79,4,93.82640586797065
1978-79,5,93.15684315684315
1978-79,6,91.90727938186252
1978-79,7,97.27767695099816
1978-79,8,98.23759791122714
1978-79,9,98.83551673944685
1978-79,10,95.10664993726473
1978-79,11,94.5239718245853
1978-79,12,93.39525283797728
1978-79,13,92.47291389469682
1978-79,14,93.32388879050822
1978-79,15,93.38296112489661
1978-79,16,94.10395655546935
1978-79,17,94.44526300279946
1978-79,18,95.83333333333334
1978-79,19,95.88313413014609
1978-79,20,95.40680754143996
1978-79,21,94.9199470326231
1978-79,22,94.49045318610536
1978-79,23,93.60980413611992
1978-79,24,93.76628791827375
1978-79,25,92.8643216080402
1978-79,26,93.35895162084935
1978-79,27,93.11528559168494
1978-79,28,93.38214848456761
1978-79,29,93.73872248285817
1978-79,30,93.92698440358978
1979-80,1,87.98283261802572
1979-80,2,84.42982456140349
1979-80,3,89.8203592814371
1979-80,4,92.34752589182969
1979-80,5,93.82099045888232
1979-80,6,95.79531931773106
1979-80,7,94.04761904761905
1979-80,8,95.69017480409885
1979-80,9,96.03698811096433
1979-80,10,96.03586597451627
1979-80,11,94.9678800856531
1979-80,12,95.22846744844318
1979-80,13,95.50457004290244
1979-80,14,93.84138998795801
1979-80,15,93.96299902629016
1979-80,16,93.15589353612167
1979-80,17,93.58562244301578
1979-80,18,93.75
1979-80,19,94.19060052219321
1979-80,20,94.38049263522713
1979-80,21,93.74635398436588
1979-80,22,93.33927378035196
1979-80,23,92.71207954305055
1979-80,24,92.28888662524193
1979-80,25,92.4030702617595
1979-80,26,92.40970654627539
1979-80,27,91.65391194742054
1979-80,28,91.7415191418854
1979-80,29,92.3774800746142
1979-80,30,92.82004781139229
1979-80,31,92.67154693910385
1979-80,32,92.44454894584214
1979-80,33,91.88634809693838
1980-81,1,90.05376344086022
1980-81,2,94.57755359394703
1980-81,3,92.24489795918367
1980-81,4,85.73141486810553
1980-81,5,85.1569933396765
1980-81,6,87.0864886408928
1980-81,7,89.09888626392171
1980-81,8,90.94790777113579
1980-81,9,93.37272026714616
1980-81,10,94.9232585596222
1980-81,11,93.8306104901118
1980-81,12,92.31962761830879
1980-81,13,92.3589836006488
1980-81,14,91.27449338469269
1980-81,15,91.3858868404323
1980-81,16,92.01892263085611
1980-81,17,93.25859056493884
1980-81,18,93.27366801845896
1980-81,19,91.7120467525568
1980-81,20,92.32613908872904
1980-81,21,91.87749667110522
1980-81,22,90.91962010655551
1980-81,23,91.07764917406452
1980-81,24,91.24986612402274
1980-81,25,91.15448504983391
1980-81,26,91.05447276361822
1980-81,27,90.61473033056257
1980-81,28,90.96834264432032
1980-81,29,91.52007216959858
1980-81,30,91.46394628999914
1981-82,1,90.36144578313254
1981-82,2,92.3913043478261
1981-82,3,91.47424511545293
1981-82,4,94.1981747066493
1981-82,5,92.12640599892877
1981-82,6,96.23430962343097
1981-82,7,96.78060413354531
1981-82,8,97.62486901851204
1981-82,9,92.62025694651928
1981-82,10,94.36505796710705
1981-82,11,92.88238263503281
1981-82,12,90.03215434083602
1981-82,13,90.47212134159368
1981-82,14,89.90567930965283
1981-82,15,89.75332068311197
1981-82,16,90.21215903013015
1981-82,17,90.02006018054163
1981-82,18,90.19419033862944
1981-82,19,89.7513644633111
1981-82,20,89.43380040034316
1981-82,21,88.78816157845621
1981-82,22,88.4057971014493
1981-82,23,89.00683260126893
1981-82,24,89.41244909831299
1981-82,25,89.62369182810065
1981-82,26,89.30093776641091
1981-82,27,88.25030624744794
1982-83,1,93.33333333333331
1982-83,2,92.37726098191213
1982-83,3,90.8703071672355
1982-83,4,93.1758530183727
1982-83,5,92.45562130177515
1982-83,6,89.86928104575162
1982-83,7,88.7438249823571
1982-83,8,89.5909645909646
1982-83,9,91.4864864864865
1982-83,10,89.89031950405342
1982-83,11,88.76061860161185
1982-83,12,88.46306592533757
1982-83,13,88.94756008739986
1982-83,14,89.11473206786495
1982-83,15,89.01869158878505
1982-83,16,89.62886900396067
1982-83,17,91.44399833864044
1982-83,18,91.96463913445044
1982-83,19,91.5964303420922
1982-83,20,91.0914454277286
1982-83,21,91.62832454270003
1982-83,22,91.99237368922782
1982-83,23,92.02175883952854
1982-83,24,91.80233118196705
1982-83,25,92.82155379221257
1982-83,26,92.84829173305008
1982-83,27,92.67608029942156
1982-83,28,91.85009410031911
1983-84,1,94.20289855072464
1983-84,2,92.96482412060301
1983-84,3,88.08290155440415
1983-84,4,91.43327841845141
1983-84,5,92.51003120820329
1983-84,6,91.32841328413284
1983-84,7,90.19183168316832
1983-84,8,89.79924036896365
1983-84,9,90.30837004405286
1983-84,10,90.60251798561151
1983-84,11,93.06190278354799
1983-84,12,93.2251368182676
1983-84,13,93.93725766654917
1983-84,14,94.04645076872752
1983-84,15,93.80273048013498
1983-84,16,93.59676954139026
1983-84,17,92.03778677462888
1983-84,18,91.6454081632653
1983-84,19,91.30959565479783
1983-84,20,90.86726478030826
1983-84,21,91.38771890933275
1983-84,22,91.1214953271028
1983-84,23,92.4597889560496
1983-84,24,93.25455440669622
1983-84,25,93.96420411271897
1983-84,26,94.26078971533519
1983-84,27,94.52249688778235
1983-84,28,94.06794274874981
1983-84,29,93.66185498589684
1983-84,30,93.4904153354633
1983-84,31,93.23215115378662
1983-84,32,93.41402902037443
1983-84,33,92.84776902887141
1983-84,34,93.22395056467082
1984-85,1,121.85929648241202
1984-85,2,116.66666666666666
1984-85,3,105.53191489361701
1984-85,4,105.48780487804876
1984-85,5,104.07461953853705
1984-85,6,101.15953618552578
1984-85,7,102.71796681962584
1984-85,8,104.41129800063472
1984-85,9,106.0474537037037
1984-85,10,105.06863780359028
1984-85,11,105.01902949571836
1984-85,12,105.34452296819788
1984-85,13,103.43442458324965
1984-85,14,102.43500549249359
1984-85,15,101.86585980837113
1984-85,16,101.51922772590598
1984-85,17,102.58121940364929
1984-85,18,102.11366181410972
1984-85,19,101.50177842181529
1984-85,20,100.76259532441554
1984-85,21,101.06958298281454
1984-85,22,101.20811488488715
1984-85,23,101.5308911973756
1984-85,24,100.83901415836391
1984-85,25,100.3226456946965
1984-85,26,100.7947276603993
1984-85,27,99.56429034949475
1984-85,28,99.92843084630525
1984-85,29,99.31714063445416
1984-85,30,99.172517552658
1984-85,31,98.40682330222079
1985-86,1,92.17877094972067
1985-86,2,93.4844192634561
1985-86,3,107.56972111553786
1985-86,4,105.59234731420165
1985-86,5,109.6009253903991
1985-86,6,111.08523521192362
1985-86,7,109.57031250000003
1985-86,8,106.24370594159114
1985-86,9,102.12394530113471
1985-86,10,101.64693772516729
1985-86,11,99.31350114416477
1985-86,12,99.58027282266528
1985-86,13,99.78748068006185
1985-86,14,99.08700322234158
1985-86,15,99.02139658318131
1985-86,16,98.468606431853
1985-86,17,98.30218290769012
1985-86,18,98.4868954336666
1985-86,19,97.75009533494345
1985-86,20,97.53027214962238
1985-86,21,97.96757250513818
1985-86,22,97.26311198342604
1985-86,23,97.75186469166933
1985-86,24,97.34513274336287
1985-86,25,96.99558456517569
1985-86,26,97.29453328374863
1985-86,27,97.18486641563567
1985-86,28,97.20201933772572
1985-86,29,97.70304883086843
1985-86,30,97.66437370020799
1985-86,31,97.70826881387428
1985-86,32,97.48758838573795
1985-86,33,97.3357664233577
1985-86,34,97.13047801690463
1985-86,35,97.08737864077672
1985-86,36,97.21293944659806
1985-86,37,96.64355601632867
1985-86,38,96.22534501228813
1985-86,39,95.92362944318253
1985-86,40,95.56579498533901
1986-87,1,113.33333333333333
1986-87,2,104.10764872521247
1986-87,3,113.01989150090417
1986-87,4,109.62566844919786
1986-87,5,113.40482573726543
1986-87,6,111.08637577916296
1986-87,7,109.14285714285714
1986-87,8,107.75577557755776
1986-87,9,110.15965166908563
1986-87,10,109.54016913319239
1986-87,11,109.31125509959203
1986-87,12,110.89021426993595
1986-87,13,109.50162074554295
1986-87,14,109.68955785512699
1986-87,15,109.91456034175864
1986-87,16,108.52263306251038
1986-87,17,109.51053283767041
1986-87,18,109.33625091174326
1986-87,19,108.30449826989621
1986-87,20,107.32189973614777
1986-87,21,105.95984943538271
1986-87,22,105.8569371099376
1986-87,23,105.91756850103616
1986-87,24,106.34328358208955
1986-87,25,105.9532621338691
1986-87,26,106.14295969644141
1986-87,27,106.14469772051538
1986-87,28,105.80416905718111
1986-87,29,105.48249675865901
1986-87,30,105.1072614666547
1986-87,31,104.75774770842428
1986-87,32,105.09934339558285
1986-87,33,105.09159927380756
1987-88,1,125.85812356979406
1987-88,2,120.28301886792454
1987-88,3,116.94214876033058
1987-88,4,118.29268292682926
1987-88,5,120.6733048838312
1987-88,6,120.73806658644205
1987-88,7,121.2923728813559
1987-88,8,121.94367069018878
1987-88,9,122.20098306936097
1987-88,10,121.49999999999999
1987-88,11,119.46293321092494
1987-88,12,117.06391056739085
1987-88,13,116.0275319567355
1987-88,14,116.63636363636363
1987-88,15,115.92724800271972
1987-88,16,116.90073412065114
1987-88,17,116.40012070006036
1987-88,18,115.54952122338148
1987-88,19,115.26373326045369
1987-88,20,116.05981794538363
1987-88,21,116.67703795892967
1987-88,22,116.159809183065
1987-88,23,114.93860845839016
1987-88,24,114.36662672911446
1987-88,25,114.33500627352574
1987-88,26,113.75741131544568
1987-88,27,114.10888695483996
1987-88,28,113.45522737927803
1987-88,29,113.58665937670858
1987-88,30,112.7368884971353
1987-88,31,112.68866717830647
1987-88,32,112.91254125412541
1987-88,33,112.5080076873799
1987-88,34,112.32309015560249
1987-88,35,111.45746217592945
1988-89,1,114.61318051575928
1988-89,2,120.3059805285118
1988-89,3,121.04787714543812
1988-89,4,116.90885072655217
1988-89,5,114.43298969072164
1988-89,6,116.19718309859155
1988-89,7,117.76339446242359
1988-89,8,116.88514357053681
1988-89,9,116.43454038997211
1988-89,10,116.05152340847162
1988-89,11,115.68094266938589
1988-89,12,116.74651114351175
1988-89,13,115.89595375722541
1988-89,14,114.07593123209168
1988-89,15,113.17738135307975
1988-89,16,112.98804780876495
1988-89,17,112.70338856545754
1988-89,18,112.2275686385508
1988-89,19,112.71367521367522
1988-89,20,113.00191204588907
1988-89,21,113.11914323962515
1988-89,22,112.56183135856435
1988-89,23,112.9828797190518
1988-89,24,113.56433551658567
1988-89,25,113.38742393509126
1988-89,26,112.27166731441895
1988-89,27,111.46943353897925
1988-89,28,111.11610352264559
1988-89,29,111.49325206791467
1988-89,30,111.28977657413677
1988-89,31,110.67452521283563
1988-89,32,110.82024432809774
1988-89,33,110.39161270428617
1988-89,34,110.88982413948597
1988-89,35,111.11111111111111
1988-89,36,110.6531163385687
1989-90,1,129.48207171314743
1989-90,2,128.88888888888889
1989-90,3,127.27963525835864
1989-90,4,122.24866151100532
1989-90,5,121.83098591549295
1989-90,6,118.79640484564283
1989-90,7,116.0653505786249
1989-90,8,116.97042127278159
1989-90,9,117.69436997319033
1989-90,10,117.7116369846304
1989-90,11,119.67432522864155
1989-90,12,118.23420456884134
1989-90,13,118.43607305936072
1989-90,14,117.68851303735023
1989-90,15,115.0296638101516
1989-90,16,115.27177269919704
1989-90,17,116.39058413251962
1989-90,18,116.26464507236389
1989-90,19,116.1193248724323
1989-90,20,116.07253757297231
1989-90,21,115.66193853427897
1989-90,22,114.33408577878106
1989-90,23,114.51198630136987
1989-90,24,115.00974658869399
1989-90,25,114.59257069662037
1989-90,26,114.12111978670731
1989-90,27,113.19024032287655
1989-90,28,113.02494894788246
1989-90,29,113.38833032568533
1989-90,30,112.8857832127111
1989-90,31,113.5191749919433
1989-90,32,112.84654431862555
1989-90,33,112.92284302546562
1989-90,34,112.73494154210451
1989-90,35,112.84172661870507
1989-90,36,112.49475304323494
1989-90,37,112.71007688643941
1989-90,38,112.14891361950185
1990-91,1,112.98701298701302
1990-91,2,112.11031175059954
1990-91,3,111.51662611516626
1990-91,4,111.87072715972654
1990-91,5,120.8873379860419
1990-91,6,121.58302733578132
1990-91,7,116.23872310895213
1990-91,8,114.3339472068754
1990-91,9,115.24870888828487
1990-91,10,114.66992665036675
1990-91,11,115.15353805073431
1990-91,12,117.02127659574468
1990-91,13,114.6327576390207
1990-91,14,115.3914119102315
1990-91,15,115.836505047162
1990-91,16,116.18289637952559
1990-91,17,115.58823529411764
1990-91,18,114.36909394107838
1990-91,19,114.46101068742578
1990-91,20,114.75409836065573
1990-91,21,114.39003950676403
1990-91,22,114.43440466659041
1990-91,23,114.61994727592267
1990-91,24,114.00583576490202
1990-91,25,114.23408954025294
1990-91,26,113.28576937909753
1990-91,27,112.88372093023253
1990-91,28,112.66907123534713
1990-91,29,112.24048442906572
1990-91,30,112.3340615022685
1990-91,31,112.34718826405864
1990-91,32,112.69276393831551
1990-91,33,112.28878648233484
1990-91,34,112.89359797045215
1990-91,35,112.97937245787331
1990-91,36,112.91920192443752
1990-91,37,112.79751638496035
1990-91,38,112.63200376673169
1990-91,39,112.6218066894917
1991-92,1,121.74940898345154
1991-92,2,130.76923076923077
1991-92,3,129.13907284768212
1991-92,4,127.49999999999999
1991-92,5,124.1862794191287
1991-92,6,124.94732406236832
1991-92,7,122.04579025110785
1991-92,8,120.40618955512574
1991-92,9,118.70709382151033
1991-92,10,119.82936918304037
1991-92,11,121.59943714821766
1991-92,12,123.16493955094994
1991-92,13,122.57040856802857
1991-92,14,122.22222222222226
1991-92,15,123.42699534563009
1991-92,16,122.30157441973708
1991-92,17,123.21729796043553
1991-92,18,121.98663955852456
1991-92,19,121.45721000967787
1991-92,20,121.1237741849987
1991-92,21,120.70938215102976
1991-92,22,120.69383794274626
1991-92,23,120.53414548436221
1991-92,24,120.09003939223413
1991-92,25,119.0835579514825
1991-92,26,119.53367875647672
1991-92,27,120.18459069020871
1991-92,28,119.95375277001644
1991-92,29,120.31162530322825
1991-92,30,120.84086799276675
1991-92,31,120.48456223213509
1991-92,32,119.93558230208512
1991-92,33,119.84355701934955
1991-92,34,120.47470630544237
1991-92,35,120.30776404756355
1991-92,36,119.95303386107115
1992-93,1,141.7525773195876
1992-93,2,122.25097024579559
1992-93,3,123.62404741744284
1992-93,4,122.34385061171923
1992-93,5,121.56557801969932
1992-93,6,123.4702797202797
1992-93,7,122.1060492905153
1992-93,8,121.21212121212122
1992-93,9,119.03425042111174
1992-93,10,119.540803593711
1992-93,11,118.64988558352402
1992-93,12,117.96218487394958
1992-93,13,116.8141592920354
1992-93,14,114.35589519650655
1992-93,15,114.73039632590579
1992-93,16,114.31980906921243
1992-93,17,116.09143881667414
1992-93,18,115.5971100722482
1992-93,19,115.88418346637803
1992-93,20,115.12094166343292
1992-93,21,115.4747225647349
1992-93,22,115.58564979805179
1992-93,23,115.34968210717531
1992-93,24,113.80739448140473
1992-93,25,114.63157894736841
1992-93,26,115.4158215010142
1992-93,27,115.43742644174186
1992-93,28,115.57338367154317
1992-93,29,114.98767010685907
1992-93,30,114.57963816956367
1992-93,31,115.338423264991
1992-93,32,114.90528414755732
1993-94,1,108.04020100502514
1993-94,2,111.11111111111111
1993-94,3,109.7234611953613
1993-94,4,118.52107809260539
1993-94,5,115.74846967167502
1993-94,6,114.0027637033625
1993-94,7,113.76075058639563
1993-94,8,113.28938237335184
1993-94,9,115.09785647716684
1993-94,10,116.18141097424413
1993-94,11,114.98079385403328
1993-94,12,113.92105885133536
1993-94,13,114.98257839721254
1993-94,14,116.52627356598475
1993-94,15,116.2528216704289
1993-94,16,115.222358938302
1993-94,17,114.452867501648
1993-94,18,114.5735707591378
1993-94,19,113.96074933095453
1993-94,20,113.18355235269182
1993-94,21,113.53535353535355
1993-94,22,113.97863302870384
1993-94,23,114.32269197584127
1993-94,24,113.88789717957874
1993-94,25,113.78994387813542
1993-94,26,113.65638766519828
1993-94,27,113.42445433354527
1993-94,28,112.55367000613374
1993-94,29,112.73445212240874
1993-94,30,113.01402537925773
1993-94,31,112.88822763622841
1993-94,32,112.56874943648005
1993-94,33,112.22348517968001
1993-94,34,111.45367007348597
1994-95,1,112.0448179271709
1994-95,2,123.57142857142858
1994-95,3,116.9828364950316
1994-95,4,114.07766990291263
1994-95,5,118.29134720700986
1994-95,6,114.17502278942573
1994-95,7,115.20737327188941
1994-95,8,111.90793862575052
1994-95,9,112.0819523952998
1994-95,10,111.50394343214577
1994-95,11,113.68653421633555
1994-95,12,113.6052871467639
1994-95,13,112.08166701747
1994-95,14,110.59952978056427
1994-95,15,110.41553257122119
1994-95,16,109.0334699453552
1994-95,17,109.1026468689477
1994-95,18,109.36312509499923
1994-95,19,109.09747292418773
1994-95,20,109.92085152838429
1994-95,21,109.3853271645737
1994-95,22,109.46782960434838
1994-95,23,109.08980287174495
1994-95,24,108.15706439172608
1994-95,25,108.45133737918633
1994-95,26,108.12270468783754
1994-95,27,107.7313711265416
1994-95,28,108.17140009965121
1994-95,29,108.60359926859782
1994-95,30,108.77649683897359
1994-95,31,108.53900198162493
1995-96,1,101.90217391304348
1995-96,2,102.69121813031161
1995-96,3,106.68498168498171
1995-96,4,110.06517016654598
1995-96,5,105.91274397244548
1995-96,6,107.65209125475286
1995-96,7,108.92494929006087
1995-96,8,109.84308131241085
1995-96,9,112.86294099281923
1995-96,10,112.34042553191492
1995-96,11,112.95296838858908
1995-96,12,111.60606790272097
1995-96,13,112.00000000000003
1995-96,14,110.39501039501043
1995-96,15,109.85586287495133
1995-96,16,109.95964783565668
1995-96,17,110.80428028995514
1995-96,18,109.85592665356911
1995-96,19,108.91164781412415
1995-96,20,109.0948841276782
1995-96,21,110.16594617208202
1995-96,22,109.42470837751858
1995-96,23,108.48400556328237
1995-96,24,108.64302142597751
1995-96,25,108.51187029530982
1995-96,26,109.15649278579357
1995-96,27,109.73262032085564
1995-96,28,109.6179590155494
1995-96,29,109.51766574037319
1995-96,30,108.87868350554919
1995-96,31,108.1882178584661
1996-97,1,125.0
1996-97,2,116.97860962566844
1996-97,3,112.68248175182481
1996-97,4,106.46900269541777
1996-97,5,112.33243967828417
1996-97,6,109.15962650066695
1996-97,7,107.26778080062185
1996-97,8,108.33333333333333
1996-97,9,110.13081837541831
1996-97,10,112.75314723590586
1996-97,11,115.10791366906477
1996-97,12,118.07780320366135
1996-97,13,116.58526226375028
1996-97,14,116.60079051383401
1996-97,15,115.5197928227895
1996-97,16,114.97326203208557
1996-97,17,115.72942135289325
1996-97,18,116.23215394165118
1996-97,19,116.32047477744808
1996-97,20,115.54740406320545
1996-97,21,115.44147292030644
1996-97,22,115.72815533980585
1996-97,23,115.86352882580005
1996-97,24,116.04687313165134
1996-97,25,115.08848540565391
1996-97,26,115.38885824600113
1996-97,27,115.72005956179538
1996-97,28,115.01024590163938
1996-97,29,114.81883700266565
1996-97,30,114.7002854424358
1996-97,31,113.82900313248574
1996-97,32,113.53282715497993
1996-97,33,113.64225814818019
1997-98,1,114.36950146627565
1997-98,2,115.73472041612483
1997-98,3,120.1353637901861
1997-98,4,116.93290734824282
1997-98,5,118.32648870636551
1997-98,6,119.80282897556793
1997-98,7,120.83024462564862
1997-98,8,122.1287609187965
1997-98,9,122.8298611111111
1997-98,10,120.1146430432517
1997-98,11,122.80290602296695
1997-98,12,123.07858843905608
1997-98,13,124.57337883959045
1997-98,14,123.25273894975443
1997-98,15,122.27538543328018
1997-98,16,122.70143764627217
1997-98,17,121.20500782472617
1997-98,18,121.69936568815463
1997-98,19,121.30177514792902
1997-98,20,120.45303131245836
1997-98,21,120.75327649828225
1997-98,22,119.35327600823547
1997-98,23,119.133996489175
1997-98,24,119.01289960740328
1997-98,25,118.72638963842421
1997-98,26,118.42654424040069
1997-98,27,119.63159475422968
1997-98,28,119.07291163689042
1997-98,29,118.88733052828427
1997-98,30,118.346957311535
1997-98,31,117.69888115584533
1997-98,32,117.16411528264776
1997-98,33,117.59589097837797
1997-98,34,117.33011660635306
1997-98,35,117.31100328689938
1997-98,36,117.45426829268295
1998-99,1,123.11557788944725
1998-99,2,120.90680100755668
1998-99,3,127.45098039215688
1998-99,4,132.10493441599002
1998-99,5,127.72277227722775
1998-99,6,125.47770700636944
1998-99,7,123.05411415863605
1998-99,8,121.96307094266281
1998-99,9,124.53425050157641
1998-99,10,126.22739018087859
1998-99,11,124.91203377902889
1998-99,12,123.37098175499568
1998-99,13,123.92564461323208
1998-99,14,122.77117384843983
1998-99,15,122.41557546519641
1998-99,16,123.23491655969192
1998-99,17,123.47374847374849
1998-99,18,123.34675100632549
1998-99,19,123.6758838904939
1998-99,20,122.91883454734653
1998-99,21,123.24075227301037
1998-99,22,123.24913204836588
1998-99,23,122.80501710376284
1998-99,24,122.41887905604723
1998-99,25,122.91294760054608
1998-99,26,123.47114121095726
1998-99,27,123.3772571986335
1998-99,28,123.1550249130394
1998-99,29,123.32001452960408
1998-99,30,122.97748856841366
1998-99,31,123.19517581110924
1998-99,32,123.13278864405383
1998-99,33,123.46668804617977
1998-99,34,123.81212026795454
1998-99,35,124.1944044279324
1998-99,36,124.07517016868898
1998-99,37,124.31318681318686
1998-99,38,123.9573024176446
1998-99,39,123.44019303688385
1999-2000,1,98.01488833746899
1999-2000,2,96.28154050464808
1999-2000,3,111.06074342701724
1999-2000,4,114.2857142857143
1999-2000,5,113.81896089983931
1999-2000,6,110.44444444444443
1999-2000,7,109.33383515242755
1999-2000,8,111.3821138211382
1999-2000,9,112.18955181273193
1999-2000,10,114.89088575096278
1999-2000,11,114.24948120820844
1999-2000,12,114.60720983538238
1999-2000,13,113.13518696069032
1999-2000,14,113.18385650224214
1999-2000,15,114.0558848433531
1999-2000,16,113.6650868878357
1999-2000,17,113.56135613561355
1999-2000,18,113.92315326811284
1999-2000,19,113.61810391001606
1999-2000,20,114.59260200838948
1999-2000,21,114.55934052612437
1999-2000,22,114.83420593368237
1999-2000,23,115.7278304517568
1999-2000,24,115.48810676999244
1999-2000,25,116.3587294996886
1999-2000,26,116.09551403736636
1999-2000,27,116.65861902462578
1999-2000,28,116.80805444206209
1999-2000,29,117.3179315946214
1999-2000,30,117.03613196020245
1999-2000,31,116.97713801862825
1999-2000,32,117.42611854053158
1999-2000,33,116.8310480314329
1999-2000,34,116.18515066790927
2000-01,1,146.95945945945945
2000-01,2,133.67052023121386
2000-01,3,122.80701754385966
2000-01,4,119.34585942936675
2000-01,5,119.6911196911197
2000-01,6,115.7847127996382
2000-01,7,119.37647987371744
2000-01,8,119.22428330522766
2000-01,9,121.40718562874251
2000-01,10,122.66954877060255
2000-01,11,121.50564001961746
2000-01,12,122.4921979491752
2000-01,13,123.63261093911248
2000-01,14,124.45497630331755
2000-01,15,123.43170171408377
2000-01,16,123.80323539121822
2000-01,17,123.875271486193
2000-01,18,123.79491673970202
2000-01,19,123.95543175487467
2000-01,20,123.0023578726749
2000-01,21,121.90724853910235
2000-01,22,122.43079482000716
2000-01,23,121.84300341296932
2000-01,24,122.16775599128545
2000-01,25,122.05589867057472
2000-01,26,121.74655813486086
2000-01,27,121.57600308641977
2000-01,28,121.43123717111403
2000-01,29,120.63848920863312
2000-01,30,120.53106560222146
2000-01,31,120.15830245874032
2000-01,32,119.64489330509855
2000-01,33,119.18306075689343
2000-01,34,119.55436035343834
2000-01,35,119.85046728971962
2000-01,36,119.3020719738277
2000-01,37,118.76325088339223
2000-01,38,119.04925938684119
2000-01,39,118.81254617502854
2001-02,1,102.04081632653062
2001-02,2,104.68140442132639
2001-02,3,106.3644289450741
2001-02,4,109.84848484848482
2001-02,5,108.24481537683357
2001-02,6,109.62343096234306
2001-02,7,110.70515162586771
2001-02,8,113.7455943607818
2001-02,9,113.32204346598927
2001-02,10,113.4984833164813
2001-02,11,112.78195488721803
2001-02,12,114.93288590604027
2001-02,13,113.65399534522886
2001-02,14,114.25501432664757
2001-02,15,113.55619015622376
2001-02,16,114.03646651996229
2001-02,17,115.50468262226848
2001-02,18,115.55242786769881
2001-02,19,115.47159771185314
2001-02,20,115.92267582347706
2001-02,21,116.2270087124879
2001-02,22,115.3048288579002
2001-02,23,115.73716178906683
2001-02,24,116.70020120724347
2001-02,25,115.33785837301187
2001-02,26,115.46341463414637
2001-02,27,115.90930473233607
2001-02,28,115.59749569004629
2001-02,29,115.73181419807186
2001-02,30,115.90284929625815
2001-02,31,116.12364243943192
2001-02,32,116.75477836518911
2001-02,33,117.02970297029702
2001-02,34,116.40110311015779
2001-02,35,115.92907167337208
2002-03,1,124.69135802469135
2002-03,2,115.83924349881798
2002-03,3,116.66666666666667
2002-03,4,119.6774193548387
2002-03,5,118.38658983761133
2002-03,6,117.83854166666667
2002-03,7,117.91212917761922
2002-03,8,116.2487788993813
2002-03,9,117.81103286384975
2002-03,10,117.12418300653596
2002-03,11,116.44657863145258
2002-03,12,117.89242590559826
2002-03,13,115.64076690211907
2002-03,14,114.91973559962227
2002-03,15,115.83421891604675
2002-03,16,116.18951950443662
2002-03,17,114.87551213362748
2002-03,18,114.5724907063197
2002-03,19,113.4020618556701
2002-03,20,112.2503328894807
2002-03,21,111.63143905834704
2002-03,22,111.33309117326553
2002-03,23,111.22709348179079
2002-03,24,111.29086243445276
2002-03,25,111.24273099289255
2002-03,26,110.58239371056172
2002-03,27,110.46337817638268
2002-03,28,110.77930835179657
2002-03,29,111.10591317365271
2002-03,30,111.4283124886714
2002-03,31,111.02320675105486
2002-03,32,111.64301590015388
2002-03,33,110.94993368700266
2003-04,1,102.44648318042815
2003-04,2,109.39794419970632
2003-04,3,107.55258126195028
2003-04,4,103.82707299787386
2003-04,5,107.22679200940071
2003-04,6,110.17369727047146
2003-04,7,111.34542387178405
2003-04,8,109.7830084589923
2003-04,9,112.12814645308926
2003-04,10,113.689776733255
2003-04,11,113.35653104925055
2003-04,12,115.11316622049162
2003-04,13,116.34938409854423
2003-04,14,116.17003542404669
2003-04,15,116.56620649426405
2003-04,16,115.66551031586636
2003-04,17,115.83276216586704
2003-04,18,114.41573216317245
2003-04,19,113.7751985339035
2003-04,20,113.41023792357608
2003-04,21,113.77080753886366
2003-04,22,114.4523060796646
2003-04,23,114.18359668924005
2003-04,24,114.16756562387633
2003-04,25,114.41213653603037
2003-04,26,115.0159744408946
2003-04,27,114.60435475305366
2003-04,28,113.47879282218601
2003-04,29,113.00324835121569
2003-04,30,113.08562197092087
2003-04,31,113.76223001661441
2003-04,32,113.21089521781566
2003-04,33,113.61881060671075
2003-04,34,114.37881193082133
2003-04,35,114.23692983169367
2003-04,36,114.00031710797529
2003-04,37,113.79044684129434
2004-05,1,117.33333333333333
2004-05,2,112.03319502074689
2004-05,3,118.39708561020036
2004-05,4,118.9811584089323
2004-05,5,120.89136490250696
2004-05,6,119.6105702364395
2004-05,7,120.07952286282307
2004-05,8,119.06424581005588
2004-05,9,114.60258780036969
2004-05,10,112.59113853056648
2004-05,11,113.11349693251536
2004-05,12,114.50471698113209
2004-05,13,114.86338797814209
2004-05,14,116.22940817571691
2004-05,15,117.73144605967867
2004-05,16,115.35040910707934
2004-05,17,116.31973355537055
2004-05,18,116.98945048023934
2004-05,19,116.61460657444593
2004-05,20,115.63425991251589
2004-05,21,115.29239376581859
2004-05,22,114.42405708460754
2004-05,23,115.53445337229122
2004-05,24,114.39588688946016
2004-05,25,113.36032388663968
2004-05,26,113.52082206598162
2004-05,27,113.26658322903631
2004-05,28,113.42078708375381
2004-05,29,113.94391057070014
2004-05,30,113.4230732770879
2004-05,31,113.24766571138025
2004-05,32,113.00476661570286
2004-05,33,112.3443893096544
2005-06,1,100.94637223974765
2005-06,2,118.93939393939394
2005-06,3,120.62062062062063
2005-06,4,119.02985074626866
2005-06,5,117.16867469879517
2005-06,6,114.11706837186424
2005-06,7,113.41719077568133
2005-06,8,112.3945727906124
2005-06,9,115.82381729200652
2005-06,10,118.58974358974359
2005-06,11,116.86938127974618
2005-06,12,119.1396810053166
2005-06,13,119.10062333036511
2005-06,14,119.5020746887967
2005-06,15,117.55695960176145
2005-06,16,118.78952122854562
2005-06,17,118.56633259724816
2005-06,18,118.3621241202815
2005-06,19,117.52297724875696
2005-06,20,117.70609318996416
2005-06,21,117.52282327292546
2005-06,22,117.24581724581724
2005-06,23,116.786981524532
2005-06,24,116.88235979946369
2005-06,25,117.16742991176143
2005-06,26,117.40390809534036
2005-06,27,116.86834212431482
2005-06,28,116.44382358810617
2005-06,29,115.98111935266353
2005-06,30,114.98935283770022
2005-06,31,115.16349263384838
2005-06,32,115.36110383372633
2005-06,33,115.41072640868977
2005-06,34,115.01360375958447
2005-06,35,114.8540263073468
2005-06,36,113.67354888975458
2006-07,1,133.54037267080744
2006-07,2,116.0058737151248
2006-07,3,112.23506743737957
2006-07,4,115.41381928625663
2006-07,5,110.37394451145958
2006-07,6,110.74836765444498
2006-07,7,108.22037603847834
2006-07,8,107.46037881716273
2006-07,9,106.57162726008345
2006-07,10,107.26643598615915
2006-07,11,107.54663651780668
2006-07,12,107.25469728601253
2006-07,13,106.92879405418365
2006-07,14,106.98447893569845
2006-07,15,106.0419235511714
2006-07,16,104.52462772050399
2006-07,17,106.28715546748333
2006-07,18,105.77414409810935
2006-07,19,106.32646490663231
2006-07,20,106.06291997556505
2006-07,21,106.68998688237865
2006-07,22,106.2795220894693
2006-07,23,106.14116708759802
2006-07,24,105.61598785732356
2006-07,25,104.95025479252608
2006-07,26,105.27541632700594
2006-07,27,105.40783125771344
2006-07,28,105.49664574767365
2006-07,29,105.76822233875195
2006-07,30,105.7255377158437
2006-07,31,105.45277507302823
2006-07,32,105.39652745190051
2006-07,33,105.55252635405306
2007-08,1,146.13526570048307
2007-08,2,126.6829865361077
2007-08,3,123.1945624468989
2007-08,4,123.4113712374582
2007-08,5,121.92454893384364
2007-08,6,120.40441176470591
2007-08,7,119.19748229740364
2007-08,8,117.98139855322083
2007-08,9,118.86619932947274
2007-08,10,121.4227309893704
2007-08,11,116.86245717082721
2007-08,12,116.11746245236493
2007-08,13,115.16912222452791
2007-08,14,115.47366390121552
2007-08,15,114.06193734245589
2007-08,16,114.70985155195683
2007-08,17,114.22003804692456
2007-08,18,114.44344971650256
2007-08,19,115.54860716316091
2007-08,20,115.87344510546242
2007-08,21,115.5769230769231
2007-08,22,115.90742101396035
2007-08,23,115.32607423018383
2007-08,24,114.12132722600828
2007-08,25,113.99018980592876
2007-08,26,114.07468198604842
2007-08,27,114.0316009142403
2007-08,28,114.3323413650763
2007-08,29,114.52436194895593
2007-08,30,113.64043735436458
2007-08,31,113.92515230635337
2007-08,32,113.45246122724207
2007-08,33,113.22300507946909
2007-08,34,112.69904458598725
2008-09,1,99.50248756218907
2008-09,2,114.19354838709677
2008-09,3,116.24775583482945
2008-09,4,115.69688768606224
2008-09,5,113.58635863586358
2008-09,6,113.97400185701021
2008-09,7,115.03729878288182
2008-09,8,114.57251644167532
2008-09,9,113.25115562403698
2008-09,10,115.25704809286898
2008-09,11,115.92002024803847
2008-09,12,115.80882352941175
2008-09,13,115.2611301369863
2008-09,14,115.34623827579324
2008-09,15,114.44090653680465
2008-09,16,113.97318278052224
2008-09,17,114.11411411411412
2008-09,18,114.40139726897429
2008-09,19,114.80589828468253
2008-09,20,113.38739507753594
2008-09,21,113.46988605534459
2008-09,22,111.90631099544571
2008-09,23,111.41405378609497
2008-09,24,111.47250147841517
2008-09,25,111.28152692569873
2008-09,26,111.47020157756356
2008-09,27,112.65822784810129
2008-09,28,112.8900673057312
2008-09,29,112.59974386759926
2008-09,30,112.55699088145896
2008-09,31,112.41595284148475
2008-09,32,112.56285919540228
2008-09,33,112.51967127120123
2008-09,34,112.98977853492332
2008-09,35,113.41614906832295
2008-09,36,113.61984005170042
2008-09,37,112.45783321565857
2009-10,1,141.1764705882353
2009-10,2,129.1793313069909
2009-10,3,132.0662768031189
2009-10,4,134.89208633093526
2009-10,5,127.54212667054038
2009-10,6,121.81643440653531
2009-10,7,120.35102381947347
2009-10,8,119.88304093567253
2009-10,9,122.5302740599108
2009-10,10,120.61090493862406
2009-10,11,120.83766909469304
2009-10,12,123.84231773925434
2009-10,13,122.8552573691157
2009-10,14,123.05646481178398
2009-10,15,121.50784538844242
2009-10,16,121.75090252707584
2009-10,17,121.45509790681974
2009-10,18,120.75019952114927
2009-10,19,119.58339668541889
2009-10,20,119.12703016241302
2009-10,21,118.32691249312053
2009-10,22,118.73767258382644
2009-10,23,118.60111505321844
2009-10,24,117.79021659771234
2009-10,25,117.89855921283822
2009-10,26,117.82579338284943
2009-10,27,117.27993053294257
2009-10,28,117.00230753094188
2009-10,29,116.67343623070674
2009-10,30,116.40471512770137
2009-10,31,116.91779515544533
2009-10,32,116.15740740740739
2009-10,33,116.2456171896071
2009-10,34,115.93632467418873
2009-10,35,115.97411444141687
2009-10,36,116.01429402476522
2009-10,37,115.86106388146709
2009-10,38,116.12291650209336
2009-10,39,116.77758860857452
2009-10,40,116.46115439897117
2010-11,1,126.30208333333334
2010-11,2,121.21212121212122
2010-11,3,126.10229276895943
2010-11,4,120.81418253447143
2010-11,5,118.7335092348285
2010-11,6,118.15437688658905
2010-11,7,117.91044776119404
2010-11,8,117.31843575418995
2010-11,9,118.31947743467933
2010-11,10,118.79719525350593
2010-11,11,119.88733774185647
2010-11,12,122.05254884347629
2010-11,13,122.13422259274698
2010-11,14,120.00386174937248
2010-11,15,117.77456647398843
2010-11,16,117.32698520659753
2010-11,17,118.04330392943064
2010-11,18,118.12518991188088
2010-11,19,118.51048445408532
2010-11,20,117.69947902385522
2010-11,21,118.20813050914354
2010-11,22,118.02142407057342
2010-11,23,117.50541777028654
2010-11,24,117.814093648586
2010-11,25,116.82138463259145
2010-11,26,116.79775886219157
2010-11,27,117.0401250651381
2010-11,28,116.3819095477387
2010-11,29,115.69084377123993
2010-11,30,115.92978503707873
2010-11,31,115.77272727272725
2010-11,32,115.55751432349051
2010-11,33,115.99725957009504
2010-11,34,116.13926692827918
2010-11,35,116.02142683223762
2011-12,1,103.494623655914
2011-12,2,122.00282087447107
2011-12,3,118.6359269932757
2011-12,4,118.68686868686866
2011-12,5,117.00288184438041
2011-12,6,119.08247925817473
2011-12,7,117.39864864864865
2011-12,8,114.37546193643753
2011-12,9,116.15663047054952
2011-12,10,115.38461538461537
2011-12,11,116.32814560801899
2011-12,12,118.9163270198993
2011-12,13,119.48080763257154
2011-12,14,118.58115075273253
2011-12,15,118.91421947449767
2011-12,16,118.12031449990859
2011-12,17,117.3688736027515
2011-12,18,118.32494724882324
2011-12,19,117.76923076923076
2011-12,20,117.73767605633803
2011-12,21,117.79483600837403
2011-12,22,118.13186813186813
2011-12,23,117.51535312180144
2011-12,24,117.51039373930054
2011-12,25,117.4496644295302
2011-12,26,116.80189317106151
2011-12,27,116.37230469173257
2011-12,28,116.14049759565124
2011-12,29,115.82777440873255
2011-12,30,115.85067917521744
2011-12,31,115.30467642890882
2011-12,32,114.97793306362634
2011-12,33,114.31633473251766
2011-12,34,113.97122551568732
2012-13,1,111.78247734138975
2012-13,2,113.74045801526718
2012-13,3,113.8328530259366
2012-13,4,117.01363962670494
2012-13,5,115.11423550087872
2012-13,6,113.23032351521003
2012-13,7,113.62683438155135
2012-13,8,113.84170581857606
2012-13,9,116.1290322580645
2012-13,10,116.62817551963047
2012-13,11,115.67652447003402
2012-13,12,116.17366412213738
2012-13,13,115.38461538461537
2012-13,14,115.32921810699588
2012-13,15,114.92364198724145
2012-13,16,114.33477946493132
2012-13,17,113.6981645139361
2012-13,18,111.63346613545816
2012-13,19,112.51704803758145
2012-13,20,112.18179203221632
2012-13,21,113.12810601877416
2012-13,22,114.41180345145567
2012-13,23,113.90401418260099
2012-13,24,113.49581666060385
2012-13,25,112.96853308653401
2012-13,26,114.07332886206123
2012-13,27,114.61472234179936
2012-13,28,114.09883720930232
2012-13,29,114.2613408269771
2012-13,30,115.20827236367181
2012-13,31,115.26789947842578
2012-13,32,114.95044052863435
2012-13,33,115.10984104304339
2012-13,34,114.81674483237796
2012-13,35,114.7894469812278
2012-13,36,114.20818944252589
2013-14,1,163.71681415929206
2013-14,2,135.66433566433568
2013-14,3,134.34903047091413
2013-14,4,134.03508771929825
2013-14,5,130.83849184018007
2013-14,6,133.20555821753715
2013-14,7,127.2727272727273
2013-14,8,123.36051045728466
2013-14,9,123.52566145999364
2013-14,10,124.52939472922098
2013-14,11,123.35958005249346
2013-14,12,123.16220776090627
2013-14,13,122.83813747228382
2013-14,14,122.41735537190084
2013-14,15,123.07692307692308
2013-14,16,121.26489459211733
2013-14,17,121.14882506527415
2013-14,18,121.84529662405768
2013-14,19,121.55819774718397
2013-14,20,121.73653587945694
2013-14,21,122.14611872146118
2013-14,22,122.15138361367335
2013-14,23,122.51268045259461
2013-14,24,123.17392932950429
2013-14,25,122.39271157995684
2013-14,26,122.14889429199954
2013-14,27,121.14463868166128
2013-14,28,120.78439823294904
2013-14,29,120.29604920254351
2013-14,30,119.79061807932352
2013-14,31,120.44613286577048
2013-14,32,120.2237603109889
2013-14,33,120.6227478517971
2013-14,34,120.01795332136444
2013-14,35,119.75394817206177
2014-15,1,165.2046783625731
2014-15,2,156.77966101694915
2014-15,3,147.0873786407767
2014-15,4,136.39652677279307
2014-15,5,132.24852071005918
2014-15,6,134.32835820895522
2014-15,7,134.45199660152932
2014-15,8,134.2749529190207
2014-15,9,130.94051179793954
2014-15,10,127.76780371035308
2014-15,11,127.82159369050856
2014-15,12,128.2565130260521
2014-15,13,128.65429234338748
2014-15,14,126.71526586620926
2014-15,15,124.92546213476447
2014-15,16,123.33209785025947
2014-15,17,122.56022507473186
2014-15,18,122.91388518024033
2014-15,19,122.41352077081031
2014-15,20,121.73717371737176
2014-15,21,121.60413971539458
2014-15,22,121.23711340206187
2014-15,23,122.3439355945625
2014-15,24,122.28709227059271
2014-15,25,121.88752581076156
2014-15,26,121.54024319629416
2014-15,27,121.13287335855776
2014-15,28,121.80451127819549
2014-15,29,121.45896025734149
2014-15,30,122.00621304739954
2014-15,31,122.09189608375337
2014-15,32,122.37201847836334
2014-15,33,121.51667428049338
2014-15,34,121.96747533990937
2014-15,35,121.75380886426592
2014-15,36,121.20701281186783
2014-15,37,121.00024677140742
2014-15,38,121.05558225212236
2014-15,39,120.96900438321852
2015-16,1,122.01591511936338
2015-16,2,140.4109589041096
2015-16,3,126.8939393939394
2015-16,4,122.26920366455252
2015-16,5,124.71198156682031
2015-16,6,124.57503642544927
2015-16,7,124.32432432432434
2015-16,8,126.8793546021269
2015-16,9,125.08080155138978
2015-16,10,126.96335078534034
2015-16,11,123.2449297971919
2015-16,12,124.20382165605098
2015-16,13,125.29807066984611
2015-16,14,124.49677938808375
2015-16,15,125.11776898436028
2015-16,16,124.31669899488628
2015-16,17,122.85237698081737
2015-16,18,123.34384858044167
2015-16,19,122.56897331524199
2015-16,20,123.0614589316485
2015-16,21,122.408348208156
2015-16,22,122.1799580272823
2015-16,23,122.58105051520485
2015-16,24,122.10284886528248
2015-16,25,121.68941780422355
2015-16,26,121.23933542882803
2015-16,27,120.48976053743634
2015-16,28,120.51469819018725
2015-16,29,119.84601357511903
2015-16,30,119.41975188043372
2015-16,31,118.76002642257242
2015-16,32,119.28493050475493
2015-16,33,118.79087855753932
2015-16,34,119.25385934819897
2015-16,35,119.21083430864402
2015-16,36,118.63167303160802
2016-17,1,122.39583333333334
2016-17,2,122.42268041237114
2016-17,3,116.63732394366197
2016-17,4,115.72199730094468
2016-17,5,115.40585311982329
2016-17,6,117.67441860465115
2016-17,7,118.84920634920636
2016-17,8,117.12802768166091
2016-17,9,119.83214174696923
2016-17,10,119.58041958041959
2016-17,11,120.49263585576435
2016-17,12,119.23800564440263
2016-17,13,118.50720209515495
2016-17,14,117.96382849014428
2016-17,15,120.49677664012135
2016-17,16,120.11271574498063
2016-17,17,118.87417218543047
2016-17,18,117.74370208105147
2016-17,19,117.2398392139348
2016-17,20,116.95369847543759
2016-17,21,117.08562978895011
2016-17,22,117.24669320662642
2016-17,23,117.45049504950495
2016-17,24,117.92677127912505
2016-17,25,117.4716072043134
2016-17,26,117.49332740213522
2016-17,27,118.68226204528382
2016-17,28,118.64494708445734
2016-17,29,117.13111467522053
2016-17,30,116.9284467713787
2016-17,31,117.03724552021764
2016-17,32,116.94684234438893
2016-17,33,116.88826274544333
2016-17,34,117.32559132439586
2016-17,35,117.77042832943454
2016-17,36,118.39597468933445
2016-17,37,118.07758869339486
2017-18,1,110.1694915254237
2017-18,2,124.0875912408759
2017-18,3,125.81852198316182
2017-18,4,120.32630863358258
2017-18,5,118.80387931034481
2017-18,6,120.41647804436396
2017-18,7,121.0485736314572
2017-18,8,124.62711302618494
2017-18,9,123.55897132722433
2017-18,10,126.54819601507805
2017-18,11,126.55147237770746
2017-18,12,125.27839643652558
2017-18,13,126.22370339512598
2017-18,14,125.48225308641973
2017-18,15,124.3262666187567
2017-18,16,124.15254237288134
2017-18,17,124.05894601954188
2017-18,18,122.58555133079845
2017-18,19,122.974537037037
1936-37,3,1849.9999999999995
1936-37,4,1499.9999999999995
1936-37,5,1884.6153846153843
1936-37,6,1476.1904761904757
1936-37,7,1350.961538461538
1936-37,8,1313.559322033898
1936-37,9,1323.0769230769229
1936-37,10,1306.3380281690138
1936-37,11,1205.3571428571424
1936-37,12,1162.234042553191
1936-37,13,1147.0588235294115
1936-37,14,1012.1951219512192
1936-37,15,998.1343283582088
1936-37,16,982.758620689655
1936-37,17,1036.206896551724
1936-37,18,1089.6551724137928
1936-37,19,1056.9620253164555
1936-37,20,1017.4418604651161
1936-37,21,1031.0734463276833
1937-38,1,409.09090909090907
1937-38,2,704.5454545454545
1937-38,3,848.2142857142856
1937-38,4,846.153846153846
1937-38,5,679.8245614035087
1937-38,6,614.5833333333333
1937-38,7,617.8160919540229
1937-38,8,612.4999999999999
1937-38,9,612.8318584070795
1937-38,10,632.9365079365078
1937-38,11,675.5725190839694
1937-38,12,695.8041958041956
1937-38,13,739.8648648648647
1937-38,14,693.4523809523807
1937-38,15,667.5824175824175
1937-38,16,693.2989690721649
1937-38,17,688.7254901960783
1937-38,18,706.0185185185185
1937-38,19,708.8744588744588
1937-38,20,719.0082644628098
1937-38,21,717.7734375
1937-38,22,710.7664233576642
1937-38,23,711.5384615384615
1938-39,1,816.6666666666666
1938-39,2,796.2962962962963
1938-39,3,868.421052631579
1938-39,4,1125.0
1938-39,5,1072.1153846153845
1938-39,6,1031.25
1938-39,7,996.7105263157894
1938-39,8,1002.9761904761905
1938-39,9,1035.3260869565217
1938-39,10,972.7272727272725
1938-39,11,941.9999999999998
1938-39,12,900.3496503496503
1938-39,13,879.8701298701297
1938-39,14,840.6432748538011
1938-39,15,804.9738219895287
1938-39,16,792.892156862745
1938-39,17,801.6431924882628
1938-39,18,827.188940092166
1938-39,19,816.1764705882354
1938-39,20,806.0
1938-39,21,799.0566037735849
1938-39,22,808.3941605839417
1939-40,1,819.4444444444445
1939-40,2,862.0689655172413
1939-40,3,871.951219512195
1939-40,4,716.6666666666665
1939-40,5,743.3333333333333
1939-40,6,719.4444444444443
1939-40,7,768.6170212765956
1939-40,8,775.943396226415
1939-40,9,796.8749999999999
1939-40,10,849.9999999999998
1939-40,11,918.6507936507935
1939-40,12,909.5744680851062
1939-40,13,893.3121019108279
1939-40,14,930.722891566265
1939-40,15,896.9780219780218
1939-40,16,888.3248730964466
1939-40,17,905.7971014492753
1939-40,18,904.8165137614678
1939-40,19,903.5087719298243
1939-40,20,900.4149377593359
1939-40,21,895.9999999999999
1939-40,22,898.854961832061
1939-40,23,880.9090909090909
1939-40,24,888.2042253521126
1939-40,25,883.3892617449663
1939-40,26,873.3766233766235
1940-41,1,975.0
1940-41,2,2175.0
1940-41,3,1420.4545454545453
1940-41,4,1404.4117647058822
1940-41,5,1347.8260869565215
1940-41,6,1123.015873015873
1940-41,7,1076.6666666666665
1940-41,8,1042.6136363636363
1940-41,9,1030.0
1940-41,10,929.7520661157025
1940-41,11,893.1159420289855
1940-41,12,852.2727272727274
1940-41,13,855.8282208588956
1940-41,14,852.6011560693642
1940-41,15,839.6739130434781
1940-41,16,850.5154639175256
1940-41,17,868.2266009852217
1940-41,18,847.2850678733032
1940-41,19,863.4361233480175
1940-41,20,889.6103896103896
1940-41,21,900.6147540983604
1940-41,22,910.15625
1941-42,1,840.9090909090909
1941-42,2,793.103448275862
1941-42,3,664.9999999999999
1941-42,4,696.7213114754097
1941-42,5,746.951219512195
1941-42,6,712.1212121212121
1941-42,7,695.6521739130435
1941-42,8,709.9236641221374
1941-42,9,717.0138888888888
1941-42,10,762.9032258064516
1941-42,11,732.8571428571428
1941-42,12,771.0526315789474
1941-42,13,766.8269230769231
1941-42,14,815.1162790697674
1941-42,15,825.1072961373391
1941-42,16,812.2529644268775
1941-42,17,823.9700374531834
1941-42,18,821.3028169014084
1941-42,19,833.6120401337793
1941-42,20,855.305466237942
1941-42,21,847.3926380368098
1941-42,22,853.3724340175953
1941-42,23,874.9999999999998
1941-42,24,862.7049180327867
1942-43,1,767.8571428571428
1942-43,2,441.860465116279
1942-43,3,663.4615384615383
1942-43,4,705.2238805970148
1942-43,5,741.0714285714283
1942-43,6,874.9999999999998
1942-43,7,867.4999999999999
1942-43,8,862.0689655172413
1942-43,9,824.074074074074
1942-43,10,860.1973684210524
1942-43,11,877.2455089820359
1942-43,12,841.1458333333333
1942-43,13,859.7560975609755
1942-43,14,870.9677419354838
1942-43,15,952.7649769585253
1942-43,16,938.2978723404253
1942-43,17,946.9387755102039
1942-43,18,924.2424242424242
1942-43,19,940.9090909090909
1942-43,20,954.3859649122807
1942-43,21,1010.5263157894736
1942-43,22,1011.7056856187289
1942-43,23,988.1703470031545
1942-43,24,1013.9318885448915
1942-43,25,1022.455089820359
1942-43,26,1030.7917888563047
1943-44,2,3607.142857142857
1943-44,3,5035.714285714285
1943-44,4,6821.428571428571
1943-44,5,2761.363636363636
1943-44,6,3318.181818181818
1943-44,7,2725.8064516129034
1943-44,8,3064.516129032258
1943-44,9,3346.7741935483873
1943-44,10,2622.222222222222
1943-44,11,2272.7272727272725
1943-44,12,2262.2950819672133
1943-44,13,2128.5714285714284
1943-44,14,2073.7179487179487
1943-44,15,1976.7441860465117
1943-44,16,1847.5000000000002
1943-44,17,1795.4545454545453
1943-44,18,1762.7118644067796
1943-44,19,1651.851851851852
1943-44,20,1542.763157894737
1943-44,21,1456.845238095238
1943-44,22,1417.1348314606741
1943-44,23,1390.0523560209424
1943-44,24,1398.5148514851483
1943-44,25,1373.239436619718
1943-44,26,1331.1403508771928
1944-45,1,615.3846153846154
1944-45,2,920.4545454545453
1944-45,3,744.5652173913043
1944-45,4,750.0
1944-45,5,773.0263157894736
1944-45,6,773.5294117647059
1944-45,7,739.7959183673469
1944-45,8,676.5873015873015
1944-45,9,704.3795620437955
1944-45,10,733.5526315789474
1944-45,11,702.0348837209301
1944-45,12,686.8556701030927
1944-45,13,662.7906976744185
1944-45,14,652.127659574468
1944-45,15,650.5905511811022
1944-45,16,661.8705035971221
1944-45,17,640.8794788273615
1944-45,18,625.0
1944-45,19,631.8840579710145
1944-45,20,644.0217391304349
1944-45,21,653.8961038961039
1944-45,22,651.4962593516209
1945-46,5,2034.4827586206893
1945-46,6,1603.2608695652173
1945-46,7,1325.7575757575755
1945-46,8,1222.560975609756
1945-46,9,1095.5882352941176
1945-46,10,1020.8333333333333
1945-46,11,950.7299270072991
1945-46,12,840.6432748538011
1945-46,13,833.7837837837839
1945-46,14,792.4528301886793
1945-46,15,792.4107142857143
1945-46,16,791.1392405063292
1945-46,17,787.6984126984128
1945-46,18,781.25
1945-46,19,776.4084507042254
1945-46,20,756.578947368421
1945-46,21,759.1743119266056
1945-46,22,752.857142857143
1945-46,23,737.9032258064517
1945-46,24,742.875647668394
1945-46,25,735.1851851851853
1945-46,26,736.8735083532221
1945-46,27,743.0555555555557
1946-47,2,916.6666666666666
1946-47,3,866.2790697674417
1946-47,4,790.3225806451611
1946-47,5,689.655172413793
1946-47,6,844.8275862068964
1946-47,7,861.9047619047617
1946-47,8,881.4655172413792
1946-47,9,859.2592592592591
1946-47,10,846.774193548387
1946-47,11,784.9462365591397
1946-47,12,765.3301886792452
1946-47,13,755.3879310344827
1946-47,14,770.2429149797571
1946-47,15,771.9465648854962
1946-47,16,770.1754385964911
1946-47,17,760.4166666666666
1946-47,18,736.0294117647059
1946-47,19,727.3972602739726
1946-47,20,707.7922077922078
1946-47,21,695.1807228915663
1946-47,22,691.2100456621005
1946-47,23,696.6666666666666
1946-47,24,700.5376344086022
1946-47,25,699.5884773662551
1946-47,26,700.6972111553785
1946-47,27,686.5601503759399
1947-48,1,897.0588235294118
1947-48,2,862.0689655172413
1947-48,3,864.1304347826086
1947-48,4,991.3793103448274
1947-48,5,1034.2465753424656
1947-48,6,1044.943820224719
1947-48,7,959.8214285714287
1947-48,8,881.3868613138686
1947-48,9,863.4868421052632
1947-48,10,859.4674556213018
1947-48,11,835.5263157894736
1947-48,12,796.7289719626168
1947-48,13,850.4464285714287
1947-48,14,855.0420168067228
1947-48,15,820.610687022901
1947-48,16,793.8596491228071
1947-48,17,766.181229773463
1947-48,18,748.4939759036146
1947-48,19,728.2303370786518
1947-48,20,728.6096256684493
1947-48,21,737.1465295629822
1947-48,22,714.9758454106282
1947-48,23,703.514739229025
1947-48,24,693.5483870967743
1947-48,25,682.5557809330629
1947-48,26,674.808429118774
1947-48,27,671.1009174311928
1947-48,28,668.4303350970018
1947-48,29,662.4365482233503
1948-49,2,1322.9166666666667
1948-49,3,1128.0487804878048
1948-49,4,878.7878787878789
1948-49,5,842.2619047619047
1948-49,6,777.2727272727273
1948-49,7,750.0
1948-49,8,766.8918918918919
1948-49,9,721.0982658959539
1948-49,10,713.3507853403141
1948-49,11,700.7042253521128
1948-49,12,675.5102040816328
1948-49,13,633.4519572953737
1948-49,14,640.8333333333334
1948-49,15,647.7987421383649
1948-49,16,637.0738636363637
1948-49,17,601.421188630491
1948-49,18,599.0220048899756
1948-49,19,577.8781038374718
1948-49,20,575.3205128205128
1948-49,21,577.0791075050711
1948-49,22,563.0975143403442
1949-50,1,650.0
1949-50,2,787.5
1949-50,3,681.8181818181818
1949-50,4,992.4242424242424
1949-50,5,836.734693877551
1949-50,6,818.0
1949-50,7,786.4583333333333
1949-50,8,763.7195121951219
1949-50,9,739.3048128342244
1949-50,10,722.6190476190476
1949-50,11,725.9825327510916
1949-50,12,679.5112781954887
1949-50,13,685.5400696864111
1949-50,14,698.9966555183946
1949-50,15,712.6168224299065
1949-50,16,708.9337175792506
1949-50,17,487.90697674418607
1949-50,18,373.5785953177257
1949-50,19,378.60345932094816
1949-50,20,384.06695598264105
1949-50,21,389.05592303066754
1949-50,22,392.75277615429576
1949-50,23,401.3195639701665
1949-50,24,405.01392757660176
1949-50,25,410.4518236254764
1949-50,26,412.63940520446107
1949-50,27,413.96187532199906
1949-50,28,417.7944862155389
1949-50,29,421.13022113022123
1949-50,30,425.0602409638555
1950-51,1,633.3333333333333
1950-51,2,627.1186440677966
1950-51,3,654.0697674418603
1950-51,4,647.9166666666666
1950-51,5,653.8461538461537
1950-51,6,766.025641025641
1950-51,7,728.2608695652173
1950-51,8,710.093896713615
1950-51,9,716.1016949152541
1950-51,10,738.1889763779527
1950-51,11,700.5208333333333
1950-51,12,416.5094339622642
1950-51,13,428.1867145421903
1950-51,14,437.82383419689114
1950-51,15,448.6019736842105
1950-51,16,443.5857805255023
1950-51,17,451.2743628185907
1950-51,18,464.131994261119
1950-51,19,467.58620689655174
1950-51,20,474.03462050599205
1950-51,21,481.04113110539845
1950-51,22,494.37499999999994
1950-51,23,494.2839951865223
1950-51,24,499.41520467836256
1950-51,25,503.3519553072626
1950-51,26,512.1490280777538
1950-51,27,515.9066808059384
1950-51,28,521.3097713097712
1950-51,29,525.5825734549138
1950-51,30,535.4662698412699
1950-51,31,540.6128404669261
1950-51,32,541.0377358490566
1950-51,33,539.6062271062272
1951-52,2,1405.172413793103
1951-52,3,2068.9655172413786
1951-52,4,2818.9655172413786
1951-52,5,3439.655172413792
1951-52,6,4318.965517241378
1951-52,7,2197.7611940298507
1951-52,8,1752.5510204081631
1951-52,9,1522.0
1951-52,10,1279.6875
1951-52,11,1220.108695652174
1951-52,12,1093.8914027149322
1951-52,13,1063.01652892562
1951-52,14,1044.67680608365
1951-52,15,1039.8936170212767
1951-52,16,1028.5947712418301
1951-52,17,997.7810650887573
1951-52,18,979.3388429752065
1951-52,19,942.0199501246882
1951-52,20,915.893271461717
1951-52,21,894.2516268980477
1951-52,22,892.1161825726141
1951-52,23,868.8845401174168
1951-52,24,851.4625228519195
1951-52,25,847.318339100346
1951-52,26,843.2274247491638
1951-52,27,844.3999999999999
1951-52,28,822.6788432267884
1951-52,29,824.3045387994143
1951-52,30,806.6759388038944
1952-53,1,111.90476190476191
1952-53,2,189.07563025210084
1952-53,3,262.5968992248062
1952-53,4,318.02120141342755
1952-53,5,329.9418604651163
1952-53,6,352.86103542234326
1952-53,7,368.9024390243902
1952-53,8,378.08988764044943
1952-53,9,389.7515527950311
1952-53,10,406.188605108055
1952-53,11,427.5568181818182
1952-53,12,334.8337950138504
1952-53,13,347.86950732356854
1952-53,14,356.2817258883248
1952-53,15,367.43341404358347
1952-53,16,312.320230105465
1952-53,17,316.57608695652175
1952-53,18,325.06584723441614
1952-53,19,347.2344161545215
1952-53,20,351.1804384485666
1952-53,21,368.46543001686337
1952-53,22,378.2786885245901
1952-53,23,386.2192216044479
1952-53,24,389.40092165898614
1952-53,25,342.3290807981681
1953-54,1,1018.5185185185185
1953-54,2,850.8064516129031
1953-54,3,769.4444444444445
1953-54,4,797.5206611570247
1953-54,5,763.157894736842
1953-54,6,762.9310344827585
1953-54,7,374.06483790523697
1953-54,8,274.93816982687554
1953-54,9,283.6279784780938
1953-54,10,232.84174702212135
1953-54,11,203.0490499337163
1953-54,12,215.57271557271554
1953-54,13,228.9660946002511
1953-54,14,246.12808706571784
1953-54,15,256.1866125760649
1953-54,16,266.45644461962945
1953-54,17,282.6172644856129
1953-54,18,295.03350413874654
1953-54,19,299.12247233880197
1953-54,20,308.29304574191144
1953-54,21,321.7280349981772
1953-54,22,327.20456979650123
1953-54,23,328.8335064035998
1953-54,24,336.7761598374534
1953-54,25,346.3845384871709
1953-54,26,307.02992659514393
1953-54,27,282.52134605725763
1954-55,1,871.2121212121212
1954-55,2,698.2758620689656
1954-55,3,823.7179487179487
1954-55,4,745.9016393442623
1954-55,5,750.0000000000001
1954-55,6,733.1460674157305
1954-55,7,756.1576354679804
1954-55,8,770.1793721973095
1954-55,9,754.0816326530613
1954-55,10,771.2177121771218
1954-55,11,779.7619047619048
1954-55,12,789.9686520376176
1954-55,13,760.5337078651685
1954-55,14,737.3417721518988
1954-55,15,751.1792452830189
1954-55,16,722.6394849785407
